id,author,author_id,text,timestamp,like_count,is_favorited,is_pinned,parent,video_id
UgyaKr97dtXUNOfz5qZ4AaABAg,@RaisRoel,UCuYhOt_55LFPCJ_jAHUvpCQ,22:33,1784005200,1,False,False,root,
UgwieQbOUz_ZciCcDup4AaABAg,@dear26-i3y,UC6lDr5ZdtO_OiyM3WYrt-JA,Singapura jir,1783990800,0,False,False,root,
UgypQJ62K05YYEbR4Mx4AaABAg,@belbulsamudra,UCZMYAFFzhakmxfKGI2S9CRg,Petani libur ke luar negeri..Petani sawit😂😂,1783987200,0,False,False,root,
UgwPDuOg4D3bu5mmBbV4AaABAg,@novelramadhan3374,UC3SH12C8L0AQajRdvYtK9OA,"Yg bisa dengerin full pidato prabowo
Mantap klian 👏",1783965600,1,False,False,root,
UgwAwfRaqDcizwPOOiJ4AaABAg,@JawaraIndonesia-r5s,UClRZo7ymvliG-xETBCnEhMA,"Jawara indonesia
Koparasi. Merah putih lanjutkan
Rakyat butuh untuk usaha yg
Penting yg diberi kekuasaan baik
Dan di desa. Harus jelas  untuk
Rakyat 🙏",1783958400,0,False,False,root,
UgylCI1n8Xvzm5vvkDp4AaABAg,@rizkiaprilio848,UCwhd_mhMKlx9Xw-9UQpU79Q,Ngmngnya berbelit2 pakk😂pusing aku 😮,1783951200,0,False,False,root,
UgzNjTQmgcpD0vA5mDJ4AaABAg,@RyanDeeng,UCp24Vk_Ei9eT2BG2Q3aZCkg,Omon omon itu lagi😂,1783944000,0,False,False,root,
Ugzu9Cjp9XlDBbzjBnh4AaABAg,@RefBang,UCtyuIowSoaGiqN12-8M3MFg,20:20 untuk doksli,1783940400,0,False,False,root,
UgzGv0fJqgwj6JU4TvZ4AaABAg,@wahyusetiono8318,UCdSx5oBTLn7FsXstrjVZC4Q,Siap2 Gerombolan tukang Gorengan siapkan kompor nyalakan api terus goreng Jangan lupa di kasih Bumbu2 penyedap😂😂,1783933200,0,False,False,root,
UgyVi2olLfI1qmjbMPJ4AaABAg,@rusminrudi7475,UCU5Jb7UvTNDFrvKpbUAWRHw,hancur lagi IHSG,1783929600,0,False,False,root,
UgwhSQ--RZ5L7Lipnr94AaABAg,@wahyusetiono8318,UCdSx5oBTLn7FsXstrjVZC4Q,Prabowo Gibran memang Mantap❤❤,1783929600,1,False,False,root,
UgyteuClns0ubU5IAUR4AaABAg,@RandomOfficial1101,UCd5wC0urMynD3ufL-QitP1g,MONYET SAWIT JADI PRESIDENT WKWKK,1783929600,0,False,False,root,
Ugz_OUjem8CMm7dQ6LZ4AaABAg,@ismailprimadana1891,UC9uLIeVgLZNYVBQpaYxZl0A,"20:10 yang nyari doksli ""duduk aja di rumah""",1783929600,0,False,False,root,
Ugz_c4RlLehSahU-ObV4AaABAg,@jakalarrachanel6773,UCW17zJBQCj3G6X0lg0pAD1Q,Maju tetus pak prabowo biarkan orang² yg sukanya nyinyir dan putus asa😂😂😂mereka tidak akan menemukan kebahagian selama pikirannya jongkok,1783900800,0,False,False,root,
UgziP8sGnDRFZ3ybig54AaABAg,@PetaniIndonesia85,UCZFXS0ewF0BzdyXcuha3r5Q,KOPERASI pak harusnya menampung dan membeli semua produk yg di hasilkan masyarakat sekitarnya. Tugas koperasi lah untuk memasarkan keseluruhan daerah,1783900800,0,False,False,root,
UgwuVErpW6bH5BGziy14AaABAg,@fahad911-z3j,UC26ssK8XuiRXLDnQW18yQPA,Pejabat pejabat mentrinya dan dpr banyak koruptor nya.banyak yang korupsi mengeruk s.d.a menggarong duit rakyat.kejar ke antarkita,1783900800,0,False,False,root,
Ugys9NDzdbbj2PDc7ZV4AaABAg,@Taro-d6i,UCBpYaH4FJfTlcjDUMH1l7AQ,"Sudahlah pak  tua...
Negeri ini makin kacau
Ekonomi makin hancur.",1783900800,0,False,False,root,
UgwGu3WGfcQyS8p28Ed4AaABAg,@iwanjeck,UCjXv_gHOKk4nQ_72Bv8LMAA,Gelap gela,1783900800,0,False,False,root,
UgyTRG3LKJPmpEXl74x4AaABAg,@tuanakhmad552,UCDLYFJvWIEx8myzSJ_bwH2A,Semoga tidak hanya Omon - omon doang 🤫😛🤑,1783900800,0,False,False,root,
Ugw1nsB1JNpKjnTCIE94AaABAg,@alphaxjk45,UCPNLNnodzUZkEcZHWPPWfKg,"MANTAP 32:15 HAI PARA KORUPTOR SADAR DIRI, ISINYA DARI KAPOLRI, JAKSA DAN TNI


GG KAMU ABANG KAMERAMEN, MAMAMU PASTI BANGGA",1783900800,3,False,False,root,
UgzE4_sbb_uDhkallTF4AaABAg,@CandraKarya1,UCq7zuetnnf4CjXu9aXT4YGg,"Ah sudah pak, pidatota jangan pakai mic pak",1783900800,1,False,False,root,
UgykBJV7Z-wUhc2ieLt4AaABAg,@Rin2Rin2,UCCmB02TRSpEBP6JxGNOg4kg,Trimakasih pak semenjak ada MBG Saya sebagai petani keringat saya di hargai sekarang.,1783900800,1,False,False,root,
Ugy8_9T8VyewGrmKNGN4AaABAg,@Aqil-z9u,UCOAPmzaRNcf3yUm3X_fBOTg,Wowo...hukum sudah sekarat Wo...!!  Jgn ninabobokan rakyat dgn lips service.,1783900800,0,False,False,root,
Ugz0Q4VLoFI24Ga139x4AaABAg,@PontasJazz,UCAeaD6-JmjMY2Ypk5CJNw8g,"Makin banyak Pidato...makin banyak Koruptor...
Pidato cuma kasih semangat KORUPTUR...YA ???

PIDATO model apa..ya..?
banyakan CURHAT ..nya .",1783900800,0,False,False,root,
UgzUnW-mf-1FyMqvF0N4AaABAg,@enigma16969,UC1wUV_AYeSVSM_L8BI38pOQ,Kampanye terus!,1783900800,0,False,False,root,
Ugz1pgPE9Gu66rgFTSJ4AaABAg,@toyaseto5800,UCamxetIMObF-Du5vYOU1TFA,"✅Gratiskan Perkuliahan PTNegri, biar klo jadi pejabat gak korupsi 
✅Pedulikan TNI~Polri & keluarganya, biar profesional pd tugasnya
✅Bikinlah parteparte berbasis kompetensi, biar tokohnya jadi mentri
✅Bikinlah gerakan Getuhtankor, biar nyata terasa apa itu korupsi
✅Bikinlah Hari Ekspirak, biar aspirasi mudah terekspresikan
✅ 😀🇮🇩",1783900800,0,False,False,root,
UgyNV9V7aPy8k1aUwup4AaABAg,@AdhiPramono-y7e,UCXxvddPQ1T4PxlJj1RhBaVA,Anak buahnya pentolan penegak hukum ternyata maling kakappppp...,1783900800,0,False,False,root,
Ugyr1jLJUbXcUDQY1gJ4AaABAg,@RaskaRaska-x4k,UCNFkv0dqxGMXl5rtTqq3Tjg,Betul pak kebanyakan rakyat ke jebak PINJOL DAN RENTENIR,1783900800,1,False,False,root,
UgzH9kO6APi4cNyMoqF4AaABAg,@enigma16969,UC1wUV_AYeSVSM_L8BI38pOQ,"GAK JALAN JALAN, PIDATO. GAK PIDATO, JALAN JALAN. GITU AJA TERUS!",1783900800,1,False,False,root,
Ugy20cfIUADCENIm4Ud4AaABAg,@abdulrohimchannel8563,UCdCEo0vhf9zV-Rs0eVXqV2Q,KAMI PETANI BERSAMAMU PAK PRESIDEN SALAM SEMANGAT SALAM DUA PEREODE,1783900800,1,False,False,root,
Ugy92lUaImfKzBKMZaZ4AaABAg,@RaskaRaska-x4k,UCNFkv0dqxGMXl5rtTqq3Tjg,Sehat sehat pak sampai negara kita bisa baju 😎🇮🇩❤️,1783900800,2,False,False,root,
Ugz3jTgWkXrgUCPhEip4AaABAg,@aditorpedo,UCVG8tj643tptzf1ftiIxFpw,"Saya kira mau menyampaikan hukuman mati dan perampasan aset, tapi itu cuma mimpi indahku😢 tetap saja pidatonya gak berguna, selalu menyampaikan kalimat yang diulang ulang sangat membosankan.",1783900800,0,False,False,root,
UgxpmV5MY5lwPOIH-MR4AaABAg,@PersadakitoKito-sc9fz,UCxzbkNCwfdBVQoAEzjeECng,SEMOGA KOPERASI MERAH PUTIH JUGA DI AUDIT HARUS TRANPARAN DUGAAN ADA POTONGAN KEMANA SEMUA ANGGARAN ITU⁉️🤪🤪,1783900800,0,False,False,root,
UgwgLXrr5FqzifnvaVt4AaABAg,@aldoidzam5812,UCoY6hUDKKU4JSeM-P6YTLaA,"Lieur aing ngadenge na,geus tsh turun atu lah....",1783900800,0,False,False,root,
UgzAH0H8QFKueH8iD694AaABAg,@A_Traders,UC6f4tT44AmDQiEQK-ikZOuw,22:31 . Ga etis bgt 😔,1783900800,0,False,False,root,
Ugy2oi4UuJSJ3QTGhUp4AaABAg,@aditorpedo,UCVG8tj643tptzf1ftiIxFpw,KDM 2029,1783900800,0,False,False,root,
Ugw68q20ldoXr1sYTft4AaABAg,@dikiyoga2650,UCwmawGCAKPrSAYbEQoExyIw,Presiden paling Luar biasa..,1783900800,0,False,False,root,
Ugw68q20ldoXr1sYTft4AaABAg.AZA0Gt6UvNkAZAC1JygDLW,@asnah0153,UClvMsPy6gU_WKM5MmUnEQyA,10+6=17,1783900800,0,False,False,Ugw68q20ldoXr1sYTft4AaABAg,
UgwRdIpsVtlkwGDwKbd4AaABAg,@rudysatryo,UC1RzRH-iCsHLFB7_UBe73EA,Halu dipiara makmur ndasmu,1783900800,0,False,False,root,
UgyWc-FyufoWAfoMndB4AaABAg,@putragaluh.pakuan,UCNOLSnV59C-culHDn0nZjVA,💪💪💪💪💪💪💪💪💪💪💪,1783900800,0,False,False,root,
UgxXBcJz7Dsgh5oMTrZ4AaABAg,@armynj15,UCyNpkSvb58M5lhiiRHjVPRg,"SELAMAT HARI KOPERASI NASIONAL NKRI KE-79 🇮🇩🇮🇩🇮🇩


TENTANG K.D.M.P

# K.D.M.P = 1 MISI VISI PRABOWO UTAMA BERIKUTNYA  DISAMPING M.B.G SEJAK SEBELUM JD PRESIDEN RI🇮🇩 TERPILIH.

==> MEMBUKA ""JALAN TOL"" SBG ""BACKBONE/URAT NADI"" EKONOMI RI🇮🇩 KEDEPAN & MENG-AKTIFASI PLATFORM ""EKONOMI KERAKYATAN"" MARWAH UUD45 PASAL-33 BAGI 'EKONOMI NASIONAL DEMOKRASI R.I🇮🇩' KHUSUSNYA YG BERBASIS ""EKONOMI GOTONG ROYONG & KEKELUARGAAN"" MASYARAKAT N.K.R.I🇮🇩 DI PEDESAAN YAITU ""BHU/BADAN HUKUM USAHA KOPERASI"" DGN PROGRAM BESAR 8000 K.D.M.P (KOPERASI DESA 'MERAH PUTIH') DISELURUH PELOSOK WILAYAH N.K.R.I🇮🇩....DIMANA 'B.H.U KOPERASI' R.I🇮🇩 BISA MENJADI ""KOPERASI RAKSASA"" SPT KOPERASI2 RAKSASA DUNIA YG SDH BERJALAN PULUHAN DEKADE BAHKAN SEKITAR 100 TAHUNAN !. A.L; GRUP AGRICOLE (PRANCIS), REWE GRUP (JERMAN), Mondragon Corp.(Spanyol)...BERLANDASKAN ""UU BARU KOPERASI R.I🇮🇩"" YG SEBENTAR LAGI DIBERLAKUKAN. INSYAA ALLAH...


# L.D.M/Latihan Dasar Militer

Esensi: DISAMPING PENYIAPAN FISIK, MENTAL, KARAKTER & KOMPETENSI PARA PIMPINAN PENGELOLA KOPERASI D.M.P,....  KALO ""YG BICARA"" DI DESA2 TU KLEWANG, GOLOK & CLURIT, EMANG BISA DILAWAN PAKE ""DASI MANAJER"" KOPERASI ??....


MERDEKA RAKYAT NKRI🇮🇩 CERDAS BERMARTABAT ""NO AMPLOP JONGOS OLIGARKHI"", &  BERAKHLAK ""NO KEMUNAFIKAN JALAN KERAK NERAKA"" !!!...✊️🇮🇩🇮🇩🇮🇩



SELAMAT HARI KOPERASI NASIONAL N.K.R.I KE-79 🇮🇩🇮🇩🇮🇩",1783900800,0,False,False,root,
UgxMzLrh8_62geoFiUt4AaABAg,@jupsub6508,UCDg4Q94GY7SOOFpOlzRcFww,"Tolong umpeti mic jangan kasih pidato lagi, omon2 mulu, kerjaan gak jelas berantakan semua, tata negara hancur lebur..😢",1783900800,7,False,False,root,
UgxMzLrh8_62geoFiUt4AaABAg.AZ9xBGNDMUYAZAx0agwvDv,@uidafarida5553,UCB1S4ixydAYWfNILwFwo1Cg,Susah klo dg orang yg TDK suka dr awal,1783900800,0,False,False,UgxMzLrh8_62geoFiUt4AaABAg,
UgxMzLrh8_62geoFiUt4AaABAg.AZ9xBGNDMUYAZC7HDaISop,@Harningsih-j5s,UC1SURNqKDX41Ut2J25PRRdg,Sy percaya Prabowo 70 % semoga kedepan semakin amanah dan berani melawan yg batil,1783936800,0,False,False,UgxMzLrh8_62geoFiUt4AaABAg,
UgzogF2qI3YGZa5cQtl4AaABAg,@Sitibrit,UCS-BZZgscUi4-rfsrhvfNjw,"Hidup Presiden 
Hidup Prabowo
Hidup Rakyat Indonesia
Hidup Mahasiswa

Insya Allah dengan rahmat Allah Taala Tuhan yang maha kuasa Tuhan yang Esa. Tempatnya meminta doa harapan pertolongan. Masyarakat, rakyat, para pemimpin dan Presiden selalu sehat dalam perlindungan Allah Taala.",1783900800,0,False,False,root,
UgxHVLKehJsE12mUaXp4AaABAg,@RatnaSari-ls1tq,UCC8TV7XmhHWzjRtmdpfA_Uw,"Apa valid, ada transaksi Tokek Rumah 1000T di BCA Pontianak ?
Sd Ber- tahun2 tidak bisa cair?
Sd ratusan seponsor tepar.
Tiap hari minta biaya pencairan???😮😮😮",1783900800,0,False,False,root,
UgwaRwGcm-sbhIePZax4AaABAg,@nimss195,UCZw4Qg_Ec3eGwZpel5UO2Rg,"Pak jika mau perputaran ekonomi naik maka naikan gaji umr rakyat sama rata jika perlu sama dengan dpr yg dari dulu gajinya membuat rakyat marah, selamaini rakyat terpuruk dengan gaji umr kecil masih di pungut pajak, negara"" lain rakyatnya beli ipon aja hanya nunggu satu bulan dah mampu beli, rakyat kita indonesia beli ipon harus nunggu berbulan"" kalok mau cepet harus hutang, dan juga motor to mobil rakyat keteken pak gaji tiap bulan habis buat bayar bank ini bank itu dan masih harus bayar pajak motor pajak mobil padahal itu sarana yg di pake buat kerja sehari"", dan sekarang banyak rakyat yg cerai gara"" ekonomi banyak kekerasan dan kejahatan seperti pencurian itu evek ketimpangan ekonomi suberdaya manusia gak jalan banyak rakyat yg kerja bertahun"" tapi gak punya tabungan karna tiap gajian habis buat belanja bualanan dan itu berjalan terus menerus, sekarang makin parah pak ketika bahan makanan naik daya beli masyarakat turun apalagi BBM yg harga naik semua juga ikut naik ayolah pak pikirkan kami rakyat indonesia pilar bangsa,",1783900800,1,False,False,root,
UgwaRwGcm-sbhIePZax4AaABAg.AZ9vdt0X0-uAZ9xUiYacGj,@AyatPanjiwtrs,UCnYrE7J-PRvfpf9ed-6jLKw,Makanya pak prabowo berbenah karena pak presiden tau bnyk kebocoran selama ini ..,1783900800,1,False,False,UgwaRwGcm-sbhIePZax4AaABAg,
UgwaRwGcm-sbhIePZax4AaABAg.AZ9vdt0X0-uAZA952iN2zK,@PraptoYuwono-z6o,UCUTnzg3YQB73RMqh1fJbBFA,"Jadilah org dengan mental pemberi kpd negara ini, jgn bermental meminta",1783900800,0,False,False,UgwaRwGcm-sbhIePZax4AaABAg,
UgwaRwGcm-sbhIePZax4AaABAg.AZ9vdt0X0-uAZACEcUCIui,@nimss195,UCZw4Qg_Ec3eGwZpel5UO2Rg,"​ @PraptoYuwono-z6o 80 th indonesia merdeka apa masih kurang?? Negara makmur dari halis pajak bukan memaksimalkan pengelolaan suberdaya alam, uang triliunan hasil suberdaya alam hanya berputar di pemerintahan oligarki, sedangkan rakyat di kasih bencana di paksa bayar hutang negara lewat pajak padahal rakyat gak melihat gak menyentuh uangnya. Jangan mikirin diri sendiri, lihat saodara"" kita yg masih kekurangan, negara yg hapir semuanya ada kok rakyatnya di buat miskin, arap iran haya dari minyak jadi negara maju bahkan mampu bikin sejata nuklir, indonesia emas, batu bara, minyak, timah dll maaih bisa bilang mental memberi? Dimana keadilan sosial bagi seluruh rakyat indonesia, bahkan sifat kemanusiaan yg adil dan beradabpun sepertinya dah gak ada di pemerintahan",1783900800,0,False,False,UgwaRwGcm-sbhIePZax4AaABAg.AZ9vdt0X0-uAZA952iN2zK,
UgxOJAt_oJ9URlD-02x4AaABAg,@X-Men7-k7v,UCHhcPI55A5fnusm1T9r2HcQ,Ini pidato apa ya .ada yg bisa jelaskan,1783900800,1,False,False,root,
UgxrYNS9mtyk4lhWuNd4AaABAg,@chelseafcfans-o8f,UCqoz-e0Ws5jp9Dtqmt6M0tQ,"Indonesia bangga mempunyai presiden seperti pak Prabowo ❤

Tegas,berani,gak pandang bulu berantas koruptor.

Sejarah mencatat sepanjang indonesia berdiri baru ada sesosok presiden yg bener2 tegas berantas korupsi kecil sampai besar. 

Wajib presiden selamanya ❤❤ pak Prabowo",1783900800,1,False,False,root,
UgxrYNS9mtyk4lhWuNd4AaABAg.AZ9v0esmXlLAZ9wcEZ2olw,@fajarnurikhsan-e1u,UC2gs4-RBBuljYa9orOI5SNg,10+6=17,1783900800,0,False,False,UgxrYNS9mtyk4lhWuNd4AaABAg,
UgwnV9YfX1I_lDzx2wB4AaABAg,@mrachmat7644,UC4Af2mG0UBO8kttRuaaxR6g,"Masa iya sih baru sesudah dilantik jadi presiden, baru sadar betapa kayanya bangsa Indonesia? Jadi selama ini belum tahu ya pak? Ah masa.",1783900800,1,False,False,root,
UgzBl3IhR3g9YpsJ-Ml4AaABAg,@AriAri-vq3mh,UCDFYoIG4JFfPRYSdSHOqk8g,Omong apa,1783900800,1,False,False,root,
UgyJvmifgHuUaQjxvAl4AaABAg,@natsirabubakar618,UCaYhD8RugIf3qedkscE7t-w,Pidatonya tdk ada perubahan.,1783900800,1,False,False,root,
UgzrIC5oQ8rFIQlTXYd4AaABAg,@UripWibowo-qr8xd,UC9n9fwUT-R4kwAiw4Z9rVkw,Omong besar dan sangat sombong,1783900800,1,False,False,root,
Ugy0nVAXyAe_4-C6qDB4AaABAg,@h3rutirta,UCtKe1elYyfUVPHh0mcpYrYg,Auto muntah,1783900800,0,False,False,root,
UgxJvi4yMvdh-fAQ9wN4AaABAg,@MikamiShankara,UCtq3RiE-cUrzdngw0QPgxtw,Tolong terbitkan PERPU perampasan asset. Nkri darurat koeruptor kolusi  suap gratifikasi bila hukuman mati melanggar Ham. Trust rakyat adalah mandat presiden,1783900800,1,False,False,root,
UgxJvi4yMvdh-fAQ9wN4AaABAg.AZ9sxE5efubAZA8TJUA4WS,@PraptoYuwono-z6o,UCUTnzg3YQB73RMqh1fJbBFA,Kok perpu. RUU nya aja disahkan jd UU. Sono lho mahasiswa ke DPR demo minta segera disahkan mjd UU. Brani ga? Klo ga brani mahasiswa itu ya cuma sontoloyo,1783900800,0,False,False,UgxJvi4yMvdh-fAQ9wN4AaABAg,
Ugw8WDcVsSDGyPdLeVh4AaABAg,@birru_langitz,UCpxTdTDaqQxGfnbFkjbJR1w,Tamu ga di undah bawaan kompeni...mau merampok sejarah dan kekayaan nusantara,1783900800,0,False,False,root,
UgwW5fNE_iCfWMkdWkp4AaABAg,@henandriekwantyowibawa2794,UCRwd8CTle2NAHN9aAn1-m9w,Selamat hari Koperasi,1783900800,2,False,False,root,
UgwR8wR4lO5D7Piy41F4AaABAg,@adrianuspehi367,UCq0pxKn9iz2bbkIm9x6b2-w,Sadarlah hey penghianat.... Presiden pelan tapi pasti akan hancurkan kekarakusanmu,1783900800,0,False,False,root,
Ugy_YPNvDM4v669wJtd4AaABAg,@rikiriki7169,UC2hSiyzJN4kMM9t4KSd82-g,Aku padamu wowoooo..,1783900800,0,False,False,root,
Ugx62cojy9yJbzEEqmR4AaABAg,@MamanMan-ps8bm,UCKfzZef3YIYuXgc31luUJ-w,"Banyak pak bajinganya, di partai mah, rakyat kecil aja tahu pk,",1783900800,1,False,False,root,
Ugx0GmbYBvIMYQUIJtJ4AaABAg,@SriatmodjoModjo,UCmGhOFrZhMjR8mgG49A7nbQ,Top markotop mantap boss..p pres.. Prabowo ❤❤❤❤,1783900800,0,False,False,root,
Ugxaus7W306C85yhTB54AaABAg,@MamanMan-ps8bm,UCKfzZef3YIYuXgc31luUJ-w,Sabarr...,1783900800,0,False,False,root,
UgxEgV6TVN7PYOLu0HR4AaABAg,@dsuwarsono9478,UCJGWgrpG74FPiw7416KcWRw,Hiduppp buzzer 😅,1783900800,0,False,False,root,
UgwzxriJtwDkWld4ePp4AaABAg,@ridwansaputra8944,UCTD8txpoNAckc-qK-doEqHA,"Ndasmuuuuuuu....Ngomong setinggi langit, tapi realitanya 5 persen..",1783900800,0,False,False,root,
UgzPWoAJFI5exxqOjcd4AaABAg,@Petani-rx9uw,UCoG0LTRgPIfvY6rz9HIQgPQ,aku yg salut dengan presiden ku yg satu ini berani mengungkap kasus korupsi yg besar2,1783900800,5,False,False,root,
Ugx0JV7oGPgvg__oLbF4AaABAg,@judial5244,UC5jwjf1aMnNQ-zJF8Wr-0Bw,"Yang bilang Indonesia suram kami persilahkan pindah negara lain.

Yang suka demo silahkan demo dpr agar koruptor di hukum mati dan di miskinkan.

Yang suka ngeluh silahkan ngeluh sampai mati hihiiii.",1783900800,0,False,False,root,
Ugyn_4_VSrPt3jHz33R4AaABAg,@Sebidos-w2x,UCCTtBzn4o29oRl08qbenuXQ,"Kalau pemerintahan pak Prabowo seperti ini, saya sangat setuju bapak jadi presiden seumur hidup,
Sehat selalu bapak presiden idaman ku😊😊😊❤❤❤",1783900800,1,False,False,root,
Ugyn_4_VSrPt3jHz33R4AaABAg.AZ9mQL9GrdRAZ9weXhOgbm,@fajarnurikhsan-e1u,UC2gs4-RBBuljYa9orOI5SNg,10+6=17,1783900800,1,False,False,Ugyn_4_VSrPt3jHz33R4AaABAg,
UgybzmOBojwPWxndcwd4AaABAg,@arjunrollingRolling,UC3pLpNYb0MQA5QvnXqB_aeA,Terimakasih banyak pak Prabowo Subianto presiden RI ❤❤❤,1783900800,2,False,False,root,
UgwEzFFjEZ8YhwkOK0x4AaABAg,@oentarinitjitro,UC3BAlrO5eVg00M3dl8kMd6g,"Kalian yang berkomentar negatif berarti kalian sudah terpengaruh oleh pihak2 yang ingin menghancurkan negara, apa kalian berpihak pada pihak asing ??? Apakah dibayar untuk memberi narasi negatif ???",1783900800,3,False,False,root,
UgwEzFFjEZ8YhwkOK0x4AaABAg.AZ9hUOQdlkYAZ9wjdlEk7W,@fajarnurikhsan-e1u,UC2gs4-RBBuljYa9orOI5SNg,10+6=17,1783900800,0,False,False,UgwEzFFjEZ8YhwkOK0x4AaABAg,
UgwEzFFjEZ8YhwkOK0x4AaABAg.AZ9hUOQdlkYAZBMCtD6sck,@nani3858,UC9kxc8W-bCOglK4YHMlF6zw,"Osang aseng Osang aseng Osang aseng, MUAK dengernya, yang bobrok di dalam negri, yang disalahin Osang aseng, gak jelas bener nih, gak waras orang yang bilang kaya gitu",1783900800,0,False,False,UgwEzFFjEZ8YhwkOK0x4AaABAg,
UgxSD8nZYJ1T8YCyEgd4AaABAg,@oentarinitjitro,UC3BAlrO5eVg00M3dl8kMd6g,"Sabar ,tidak mudah mengurus negara beri kesempatan kepada Bapak Presiden untuk berbenah negara ini,jangan mudah mencaci maki, jangan mudah termakan suara miring tentang presiden kitai, cintailah ibu pertiwi ,turut mendukung dan berdoa pemerintahan  kami agar boleh tercapai pertumbuhan, berbenah bukan seperti kalian membalik tangan, biasakanlah berpikiran positif.",1783900800,5,False,False,root,
UgyFY7-kM11GJgEm4mF4AaABAg,@tuminahminah1674,UCamJUH4xqa3xxpuWNYbvtww,"Mantap,Bravo presiden Prabowo Subianto
Salam 2 periode",1783900800,2,False,False,root,
Ugw8otkIOKNmMzxm5EV4AaABAg,@thiyoelyasa4248,UCl24j357nwm6JwTCRCRA57Q,20:23 Yang merasa Indonesia suram silakan kalau mau cari negara lain 😂,1783900800,6,False,False,root,
Ugw8otkIOKNmMzxm5EV4AaABAg.AZ9h4cmCp5RAZ9tbfA5iDR,@HilmanSakomi,UC5nNySfw1WV2MZA_V69hlWQ,Kalo banyak uang pasti terang walaupun hasil maling,1783900800,0,False,False,Ugw8otkIOKNmMzxm5EV4AaABAg,
Ugw8otkIOKNmMzxm5EV4AaABAg.AZ9h4cmCp5RAZ9v5EpOwki,@aalmubiyyin,UCxErgPjgNFVrygOiBdsiH4g,Meme baru 😂,1783900800,0,False,False,Ugw8otkIOKNmMzxm5EV4AaABAg,
UgwSgexpMj0N-e-zWJp4AaABAg,@dickyhudaya6710,UCW6l7DklDVunAtYQYK1yEig,Pertalite udah mulai langka pak presiden.,1783900800,0,False,False,root,
UgzKpmc3tT5I_HV1AZt4AaABAg,@ijaz_pals,UCXLgze5KGIGDOSXTd4SpZcA,Tolong buat semuanya ya kalo Pak Prabowo pidato terus walaupun isinya ngawur ya biar saja...gak usah dipersoalkan. Ini justru jauh lebih baik ketimbang dia pergi ke luar negeri menghabiskan uang negara toh..,1783900800,3,False,False,root,
UgynckDcYuqkPBfRABV4AaABAg,@GadeblassYou,UC-ya_YMguup0n31iCBU7T-A,Masih ingat janji kampanye nya dulu pak? Apa sudah ada yg tercapai!!!@,1783900800,2,False,False,root,
Ugy97oya8mSGZ-XnIeR4AaABAg,@asaluploadaja7737,UChfY0MX3O3UvJaYnAXsa9IA,gk maksd saya😅,1783900800,0,False,False,root,
UgxyAMALCke7UtHtRl94AaABAg,@oentarinitjitro,UC3BAlrO5eVg00M3dl8kMd6g,"Tangkap semua koruptor Prsidenku rakyat mendukungmu selalu miskinkan koruptor sampe anak cucu cicit,buat undang2 hukum mati bagi koruptor supaya tidak rakus merampok uang negara.",1783900800,2,False,False,root,
UgzuNrtDylEqOJ7OqXN4AaABAg,@NoahHao-h4f,UC6wMKPzl-6K65XLbu2pOvLA,❤❤,1783900800,1,False,False,root,
Ugz6IByWe0WXmjSJ2Dh4AaABAg,@siliwangi1804,UCbS-nnjlGsaN5FJqsb-7frA,"Tak ku sangka Prabowo ternyata prabowo punya jiwa nasionalis yang tinggi yang ingin rakyatnya tidak sengsara, hidup Prabowo🔥🔥🔥🔥🔥💪💪💪🙏🙏🙏",1783900800,8,False,False,root,
Ugz6IByWe0WXmjSJ2Dh4AaABAg.AZ9fZ_HqVATAZ9wZghdyxC,@fajarnurikhsan-e1u,UC2gs4-RBBuljYa9orOI5SNg,10+6=17,1783900800,0,False,False,Ugz6IByWe0WXmjSJ2Dh4AaABAg,
Ugz6IByWe0WXmjSJ2Dh4AaABAg.AZ9fZ_HqVATAZAYfWjuMQ4,@dantikris8011,UCrOxhBAytVzOB1kB4t4wLUA,"Cair, cair😂",1783900800,0,False,False,Ugz6IByWe0WXmjSJ2Dh4AaABAg,
Ugz6IByWe0WXmjSJ2Dh4AaABAg.AZ9fZ_HqVATAZB_pFPmED2,@jakalarrachanel6773,UCW17zJBQCj3G6X0lg0pAD1Q,​ @dantikris8011 itu bahasa jurus terakhir ya😂😂😂,1783900800,0,False,False,Ugz6IByWe0WXmjSJ2Dh4AaABAg.AZ9fZ_HqVATAZAYfWjuMQ4,
UgwxaOtoPvNtv8klt0F4AaABAg,@budisantoso4322,UC-LF-U9tUATZ4021elPF0MQ,NGGEDABRUS,1783900800,0,False,False,root,
UgwhJLHuw1tnx9-k2094AaABAg,@EDHydirman,UCWk4JU-g40LuNVoxN2ovERQ,❤❤❤,1783900800,0,False,False,root,
Ugw0fjNnalTU2Z2N-kt4AaABAg,@penontonsetia9125,UCTPZCQ4oOimjw_u1pj-OX4Q,"presiden RI pidato     ❌
presiden RI baca teks✅
🤔🧌",1783900800,0,False,False,root,
Ugw0fjNnalTU2Z2N-kt4AaABAg.AZ9es0CELQMAZ9g3byXqqu,@alfahrizi4727,UCadwUwjpv4jE7-7BwgcgQVA,"Kalian kalo tanpa teks kalian bilang ""presiden kok asal jeplak aja ngomong nya.. giliran pakai teks.kalian nyinyir juga..
Maunya apa sih?",1783900800,0,False,False,Ugw0fjNnalTU2Z2N-kt4AaABAg,
Ugw0fjNnalTU2Z2N-kt4AaABAg.AZ9es0CELQMAZ9iEN3qMYm,@penontonsetia9125,UCTPZCQ4oOimjw_u1pj-OX4Q,​ @alfahrizi4727 mau nya ganti presiden,1783900800,0,False,False,Ugw0fjNnalTU2Z2N-kt4AaABAg.AZ9es0CELQMAZ9g3byXqqu,
Ugw0fjNnalTU2Z2N-kt4AaABAg.AZ9es0CELQMAZ9hRkQ6JoF,@tuminahminah1674,UCamJUH4xqa3xxpuWNYbvtww,Barisan sakit hati ODGJ,1783900800,0,False,False,Ugw0fjNnalTU2Z2N-kt4AaABAg,
Ugw0fjNnalTU2Z2N-kt4AaABAg.AZ9es0CELQMAZ9iItx6TxF,@penontonsetia9125,UCTPZCQ4oOimjw_u1pj-OX4Q,​ @tuminahminah1674 sesama ODGJ jangan saling mencela,1783900800,0,False,False,Ugw0fjNnalTU2Z2N-kt4AaABAg.AZ9es0CELQMAZ9hRkQ6JoF,
Ugzg2TGzMemehAqiEsB4AaABAg,@sumartoislim4743,UC5iMgXtXiuT8kDqYR74wIxg,"Rakyat bersama Presiden Prabowo🇮🇩
Sehat selalu Presidenku🤲",1783900800,4,False,False,root,
Ugzg2TGzMemehAqiEsB4AaABAg.AZ9eENKcp2sAZ9wa4eVbGC,@fajarnurikhsan-e1u,UC2gs4-RBBuljYa9orOI5SNg,10+6=17,1783900800,0,False,False,Ugzg2TGzMemehAqiEsB4AaABAg,
UgwQuiVXC53HPcR3INl4AaABAg,@wiwinwiwin2432,UCdsTNparPAmo2P_-caKGrhA,Ah PHP... ekonomi hari ini  lesu...besok ya besok...yg penting sekarang...!!!?,1783900800,1,False,False,root,
UgyoJ7__CY6-jPC1bhZ4AaABAg,@noukesembel6460,UCil52-csu6P-V3HPETpK1ow,"Setelah pidato hari ini,,,besok IHSG rontok,dan dollar 18,500 rupiah",1783900800,2,False,False,root,
UgwOyKozN3IMBZfLU6R4AaABAg,@SyafeQah1990,UC5XyLxDIh42qHlRYAVWbejg,Banyak Negara Iri...???...ngak ada yg iri 😂😂😂😂😂😂😂😂,1783900800,3,False,False,root,
UgwOyKozN3IMBZfLU6R4AaABAg.AZ9duM4h0lPAZ9g7Wh76Qh,@alfahrizi4727,UCadwUwjpv4jE7-7BwgcgQVA,Kamu kan di kampung mana tau negara luar😂,1783900800,1,False,False,UgwOyKozN3IMBZfLU6R4AaABAg,
UgwOyKozN3IMBZfLU6R4AaABAg.AZ9duM4h0lPAZ9mg0G2Rsw,@SyafeQah1990,UC5XyLxDIh42qHlRYAVWbejg, @alfahrizi4727 Negara mana Yg iri sama negara mundur 😭😭😭😭😭,1783900800,1,False,False,UgwOyKozN3IMBZfLU6R4AaABAg.AZ9duM4h0lPAZ9g7Wh76Qh,
UgwOyKozN3IMBZfLU6R4AaABAg.AZ9duM4h0lPAZ9n1gkUVpn,@alfahrizi4727,UCadwUwjpv4jE7-7BwgcgQVA,"​ @SyafeQah1990 ya itu kamu di kmpung jadi gatau negara mana yang iri sama Indonesia😂..

Jangan hina Indonesia kalo masih cari makan dan hidup di Indonesia 😂😂",1783900800,0,False,False,UgwOyKozN3IMBZfLU6R4AaABAg.AZ9duM4h0lPAZ9mg0G2Rsw,
UgwOyKozN3IMBZfLU6R4AaABAg.AZ9duM4h0lPAZ9nbEnwH0p,@SyafeQah1990,UC5XyLxDIh42qHlRYAVWbejg, @alfahrizi4727  jgn munafik kamu....sama aja kayak wowo...bicara ngak sesuai fakta... gak bisa menerima kenyataan kalo ngak ada yg iri sama indonesia....bangun woiii..!!..bangun..!!....,1783900800,0,False,False,UgwOyKozN3IMBZfLU6R4AaABAg.AZ9duM4h0lPAZ9mg0G2Rsw,
UgwOyKozN3IMBZfLU6R4AaABAg.AZ9duM4h0lPAZBLw9VLzZh,@nani3858,UC9kxc8W-bCOglK4YHMlF6zw,"​ @alfahrizi4727 apasih kampung kampung kampung, negara mana coba yang iri sama Indonesia? Hah? Negara mana?",1783900800,0,False,False,UgwOyKozN3IMBZfLU6R4AaABAg.AZ9duM4h0lPAZ9mg0G2Rsw,
UgwOyKozN3IMBZfLU6R4AaABAg.AZ9duM4h0lPAZBUD40vC8x,@DienNisa-h8c,UCrT90-KiAJ4O7XV4L0nVGvQ,​ @alfahrizi4727 harusnya literasi kamu yg harus di perluas..😂 ihsg ancur pajek ugal ugalan mana ada negara lain iri kocak lo.,1783900800,0,False,False,UgwOyKozN3IMBZfLU6R4AaABAg.AZ9duM4h0lPAZ9g7Wh76Qh,
UgzHoQJL0cK3e_KYWBt4AaABAg,@setyo615,UCJp4hzBmYJquUGMF0-RZdOg,"Prabowo sedang mempersiapkan karpet yg adil merata bagi semua rakyat. 

Selama ini lapangan tidak rata. Kondisi kesehatan tidak merata. Kemampuan meraih pendidikan tidak merata. Prabowo sedang meratakan lapangan. 

Benar2 sosialis murni",1783900800,5,False,False,root,
UgzHoQJL0cK3e_KYWBt4AaABAg.AZ9dLqgb7vWAZBELXdjsAs,@Ben-qy5vi,UCNrjjs8PlHr8J4Bvy1DedjA,"Prabowo SOSIALIS BETUL, tapi MENTERINYA TOL0LIS, jadi kebijakan2 SOSIALIS Prabowo jadi T0LOL ditangan menterinya karena ga punya paham yang sama!",1783900800,0,False,False,UgzHoQJL0cK3e_KYWBt4AaABAg,
UgxNH_AWYleAu2Jf_Vp4AaABAg,@JoniAhmadZaelani,UCro7oSU97x5upC9f4Wy-bRg,Pak nasib pedagang dan pasar tradisional gimana pak presiden,1783900800,1,False,False,root,
UgxNH_AWYleAu2Jf_Vp4AaABAg.AZ9cvF2K1-RAZ9mEOjk7D7,@ridwansaputra8944,UCTD8txpoNAckc-qK-doEqHA,Kemarin dia bilang emang gue pikirin,1783900800,0,False,False,UgxNH_AWYleAu2Jf_Vp4AaABAg,
UgzTaqRWUCzALStweh14AaABAg,@franhs2000,UCo748auZfqsIdEUx3j0IoJQ,"wah besok IHSG rontok lagi.... pidato kosong kenyataan terbalik, ekonomi makin susah...",1783900800,0,False,False,root,
UgzO8P1bVEaqw9LO_KF4AaABAg,@UmiEneng-q8k,UCw_-hAOBgzppzhGz-c4Y0Hg,Yang membuat negara hancur ekonomi lemah siapa coba yang rakyatnya sengsara siapa lagi kalo si koruktor garong2 x duit duit rakyat uang negara,1783900800,0,False,False,root,
UgzMAMUiu84srk02eqh4AaABAg,@YonoHeto,UCzQkRnZFpTdhAOQGt9NN5dg,Terima kasih mas Tiyo ucapkan MBG maling berkedok gizi!!!! Ternya nyata !!! Terungkap sekarang,1783900800,2,False,False,root,
Ugzvx_i6BO54plJTc-N4AaABAg,@naomimiaou9038,UCbSm_eZ6LBAzPQ1cq61KIxw,Entut Mberood...:face-blue-smiling::face-blue-smiling::face-blue-smiling::face-blue-smiling:,1783900800,0,False,False,root,
Ugzvx_i6BO54plJTc-N4AaABAg.AZ9bSq795mdAZ9hq0YSKAQ,@tuminahminah1674,UCamJUH4xqa3xxpuWNYbvtww,Salam Prabowo Gibran 2 periode,1783900800,0,False,False,Ugzvx_i6BO54plJTc-N4AaABAg,
UgwNGdt7wMQN_o913z14AaABAg,@V2418Vivo,UCSFe8E5CUh4lphcLeHQf5UQ,"Ini baru pemimpin sejati, prabowo persatuan Indonesia terus maju, rakyat sejahtera❤❤❤",1783900800,11,False,False,root,
UgwNGdt7wMQN_o913z14AaABAg.AZ9auFdHqtuAZ9wXrtljQn,@fajarnurikhsan-e1u,UC2gs4-RBBuljYa9orOI5SNg,10+6=17,1783900800,2,False,False,UgwNGdt7wMQN_o913z14AaABAg,
UgwNGdt7wMQN_o913z14AaABAg.AZ9auFdHqtuAZABtS2b2hI,@asnah0153,UClvMsPy6gU_WKM5MmUnEQyA,​ @fajarnurikhsan-e1u 😂😂😂,1783900800,0,False,False,UgwNGdt7wMQN_o913z14AaABAg.AZ9auFdHqtuAZ9wXrtljQn,
UgwNGdt7wMQN_o913z14AaABAg.AZ9auFdHqtuAZAYi06XZuG,@dantikris8011,UCrOxhBAytVzOB1kB4t4wLUA,Cair bang😂,1783900800,0,False,False,UgwNGdt7wMQN_o913z14AaABAg,
UgwNGdt7wMQN_o913z14AaABAg.AZ9auFdHqtuAZB7vzwJ5I6,@rizadipermana1631,UCkmuhIn1hi5UsfWY94qgabw,Hah,1783900800,0,False,False,UgwNGdt7wMQN_o913z14AaABAg,
UgzWdmOP4AItee_sIEN4AaABAg,@Kustutik-l1f1r,UCdUIk42bZXc7wB4pFRZwMiw,"Sejak awal pidatonya itu2 aja,gk ada yang baru hanya omon2 doang,menggebu2 tiru gaya Presiden Soekarno..jauh",1783900800,1,False,False,root,
UgxDvlJc_xXBAQkO1gx4AaABAg,@giatogiato,UC6Od4mGwgaro5IDYIlD2nPw,"Pejabat dan penegak hukum yg korup dan menghamburkan uang pajak sehingga menimbulkan kerugian negara, tp rakyatny yg diperas melalui pajak. Banggalah dan tertawalah menjadi pemimpin negara korup. Ngapain koruptor dan oligarki membiayai demo gak akan dpt untung. Kalau koruptor dan oligarki membiayai pejabat pemerintah, DPR, dan penegak hukum mereka akan pasti untung krn akan bisa menentukan UU, kebijakan dan aman dari jeratan hukum. Sebagai contoh koruptor dapat remisi dan mendapatkan hak istimewa oleh negara dan masih dapat menikmati hasil korupsiny bersama keluargany. Perampasan aset, pemiskinan, dan hukum mati thdp koruptor tidak akan pernah jadi UU dibawah kepemimpinan mereka, yg ada saling melindungi krn sama2 manusia rakus",1783900800,1,False,False,root,
UgxDvlJc_xXBAQkO1gx4AaABAg.AZ9aGo_Ldz9AZA8qTtNpAU,@PraptoYuwono-z6o,UCUTnzg3YQB73RMqh1fJbBFA,Mahasiswa coba demo ke DPR segerakan RUU mjd UU perampasan aset koruptor. Klo ga berani ya mahasiswa cuma mahasiswa sontoloyo,1783900800,0,False,False,UgxDvlJc_xXBAQkO1gx4AaABAg,
UgzE2JbtKt4l6xNJ_TN4AaABAg,@arifmosess8234,UCDcKs_Lxek19Yfcux7WaHEQ,❤❤❤,1783900800,2,False,False,root,
UgzODcgI5jTDBT4cAN14AaABAg,@PakWi-v5u,UC1N1cqvRmpHJ6fZ9fCMtcEQ,"Pak Prabowo jngn Keras"" biar gak putus Urat lehernya.
- Jika DPR gak berani Buat Undang"" ttg Perampasan Aset.
- DPR takut terjerat, Krn Sarang Korupsi.
- Brantas Koruptor dan buat Perpres Perampasan Aset.",1783900800,1,False,False,root,
UgzODcgI5jTDBT4cAN14AaABAg.AZ9_yd7GQ5mAZA9bKEeYBn,@PraptoYuwono-z6o,UCUTnzg3YQB73RMqh1fJbBFA,Bukankah beliau sudah mendorong disegerakan mjd UU perampasan aset koruptor. DPR nya yg bilang melanggar HAM lah dll. Makanya bisa ga mahasiswa demo ke DPR utk menyegerakan disahkan UU tsb. Klo mahasiswa ogah bergerak berarti mahasiswa cuma sontoloyo,1783900800,0,False,False,UgzODcgI5jTDBT4cAN14AaABAg,
UgzODcgI5jTDBT4cAN14AaABAg.AZ9_yd7GQ5mAZAyCwuLuFU,@uidafarida5553,UCB1S4ixydAYWfNILwFwo1Cg,"Putus urat leher"" yg bener komentnya""",1783900800,0,False,False,UgzODcgI5jTDBT4cAN14AaABAg,
Ugxw1U979rAD2evyfK54AaABAg,@ZainulArifin-r1q8c,UC4wECRJSCyS97Cu7g59Bnpg,Indonesia bahagia,1783900800,2,False,False,root,
Ugx7YEhnyW3-_svj2YV4AaABAg,@wiwinwiwin2432,UCdsTNparPAmo2P_-caKGrhA,Apa yg bapak katakan tak ada yang baru.. semuanya usang... rakyat butuh pencerahan...!!!?,1783900800,2,False,False,root,
UgyXdcAxAO2XRXOwK1t4AaABAg,@Kumotoka-dj9qh,UCVyPb8SJAVlgD8GhRRGE1zA,Faisons un discours en français,1783900800,0,False,False,root,
Ugy-34NRX41G-8OcCsN4AaABAg,@Ahmadkuryonosw,UCpRZ8DHmXM-FB9qgSuslPWg,Muak omon2,1783900800,1,False,False,root,
UgwPMQj1Q6YgSF0cDM54AaABAg,@bapakpak4258,UCU5Ih8YxNWsZNTxKETx4qVQ,Bangga pnya presiden yg sgt nasionalis dan bangga dgn kinerjanya.. P umur pak sehat selalu,1783900800,2,False,False,root,
UgwPMQj1Q6YgSF0cDM54AaABAg.AZ9XwcCUwfxAZ9wgNMMwE0,@fajarnurikhsan-e1u,UC2gs4-RBBuljYa9orOI5SNg,10+6=17,1783900800,0,False,False,UgwPMQj1Q6YgSF0cDM54AaABAg,
UgwPMQj1Q6YgSF0cDM54AaABAg.AZ9XwcCUwfxAZ9y3MZuW39,@bapakpak4258,UCU5Ih8YxNWsZNTxKETx4qVQ,​ @fajarnurikhsan-e1u memaksakan kehendak suatu kesalahan.. Tpi kebenaran sulit untuk dipadamkan,1783900800,0,False,False,UgwPMQj1Q6YgSF0cDM54AaABAg.AZ9XwcCUwfxAZ9wgNMMwE0,
UgwPMQj1Q6YgSF0cDM54AaABAg.AZ9XwcCUwfxAZABOTB5vWg,@fajarnurikhsan-e1u,UC2gs4-RBBuljYa9orOI5SNg,"​saya tanya, kebenaran apa yg dimaksud itu?",1783900800,0,False,False,UgwPMQj1Q6YgSF0cDM54AaABAg.AZ9XwcCUwfxAZ9y3MZuW39,
UgwPMQj1Q6YgSF0cDM54AaABAg.AZ9XwcCUwfxAZAT5exjKQ6,@bapakpak4258,UCU5Ih8YxNWsZNTxKETx4qVQ,​ @fajarnurikhsan-e1u kebenaran itu sendiri 1+7 bukan 17 tpi 8 karna 8 itu angka keberuntungan..,1783900800,0,False,False,UgwPMQj1Q6YgSF0cDM54AaABAg.AZ9XwcCUwfxAZ9y3MZuW39,
UgwPMQj1Q6YgSF0cDM54AaABAg.AZ9XwcCUwfxAZAr-F8kL8d,@fajarnurikhsan-e1u,UC2gs4-RBBuljYa9orOI5SNg,​ @bapakpak4258 kebenaran yg dihasilkan oleh kesalahan gimana itu 10+6 harusnya tau semua jawabannya kok bisa 17 😅,1783900800,0,False,False,UgwPMQj1Q6YgSF0cDM54AaABAg.AZ9XwcCUwfxAZ9y3MZuW39,
UgwPMQj1Q6YgSF0cDM54AaABAg.AZ9XwcCUwfxAZBXguTIEBV,@bapakpak4258,UCU5Ih8YxNWsZNTxKETx4qVQ,​ @fajarnurikhsan-e1u kdng kita tdk bisa memahami org yg kecerdasanya di atas rata2 bisa jdi 10+6 =17,1783900800,0,False,False,UgwPMQj1Q6YgSF0cDM54AaABAg.AZ9XwcCUwfxAZ9y3MZuW39,
UgwPMQj1Q6YgSF0cDM54AaABAg.AZ9XwcCUwfxAZBi7DuTleo,@fajarnurikhsan-e1u,UC2gs4-RBBuljYa9orOI5SNg,​ @bapakpak4258  i like it,1783900800,0,False,False,UgwPMQj1Q6YgSF0cDM54AaABAg.AZ9XwcCUwfxAZ9y3MZuW39,
Ugy2FX7uXpORMq8UIfJ4AaABAg,@enigma16969,UC1wUV_AYeSVSM_L8BI38pOQ,Gak bisa lagi gw jalan jalan keluar negeri! Ndasmu! Makanya gw pidato terus😂,1783900800,3,False,False,root,
Ugy2FX7uXpORMq8UIfJ4AaABAg.AZ9XakeqdXlAZ9nl9w5dFr,@SaminSerut06,UCR54wzjaEXbtifBJ4wcZDOA,😮,1783900800,0,False,False,Ugy2FX7uXpORMq8UIfJ4AaABAg,
Ugy2FX7uXpORMq8UIfJ4AaABAg.AZ9XakeqdXlAZA7TjKIAIZ,@PraptoYuwono-z6o,UCUTnzg3YQB73RMqh1fJbBFA,"Sudah dibilang jgn dengki, curiga, caci maki. Tp kamu mmng pembenci aja. Pecundang akut kamu ini. Disuruh pindah ke lain negara, silahkan klo mampu. Ke timor Leste, or papua new guinea sono. Or kemana lah terserah ente. Yg penting jgn ngrecokin lah",1783900800,0,False,False,Ugy2FX7uXpORMq8UIfJ4AaABAg,
UgyNUErol4yr-WD5pq54AaABAg,@simaaripin9172,UCTMpUD6C__8xDIlD6tK36eg,😢,1783900800,0,False,False,root,
UgyzhpTqjO8PyjY4yCJ4AaABAg,@kikimr2649,UC1-sFCmbMBwemqIWuxDVeoA,kentut!,1783900800,0,False,False,root,
UgzHVtgAp_sJjdDwWAZ4AaABAg,@WfferFgttt,UCggG512hwKdOj-WEyQxpenw,Wiwiwiwowo 😂,1783900800,0,False,False,root,
UgwEHb0n--F3SvTGugx4AaABAg,@ZELFANAFrozen,UCiLKeZ397zO2eY61fSVPHIQ,""" K A M I "" PARA PENSIUNAN "" P N S "" TDK BUTUH PERBAIKAN "" G A J I "" YG KAMI HARAPKAN ""  PENUHI HAK2 KAMI "" SEGERA DI "" T E R B I T K A N "" P P.                        "" P E S A N G O N "" YG TELAH DI JANJI2KAN OLEH "" PRESIDEN "" K E N T U T "" 😢",1783900800,0,False,False,root,
Ugz10sNVgsb1179pWPl4AaABAg,@sepatu2196,UCJJglXsxOEdltt7PNEyXcdQ,Sungguh hebat...presidenku pak Prabowo S...haayooo...bawahannya ikut kerja keras doong...,1783900800,3,False,False,root,
Ugz10sNVgsb1179pWPl4AaABAg.AZ9V7rLWl3wAZ9YGvd9spV,@gololebo,UCcNWuiZi8IRDMIKC7w3evRQ,❤️,1783900800,0,False,False,Ugz10sNVgsb1179pWPl4AaABAg,
Ugxn_3vEsSgbwZb5Ulh4AaABAg,@Suhardi-g8p,UCfO2FBx7gtrtiRXJ1nmjidQ,Ayo bapa presiden kejar sang koruptor...ngga usah jauh jauh apalagi sampai antartika..yg dekat aja masih banyak kalo memang serius..😂,1783900800,7,False,False,root,
Ugxn_3vEsSgbwZb5Ulh4AaABAg.AZ9UVTpzKHtAZ9weKKWxm6,@AyatPanjiwtrs,UCnYrE7J-PRvfpf9ed-6jLKw,Coba anda sebutkan namanya dan laporkan ke KPK atau langsung ke pak prabowo .. jgn bnyk bacot,1783900800,0,False,False,Ugxn_3vEsSgbwZb5Ulh4AaABAg,
Ugxn_3vEsSgbwZb5Ulh4AaABAg.AZ9UVTpzKHtAZE7Y_W0xBU,@IwanBlack-s8k,UCgoI1dUn2C3VpsQnu0nD07w,Poken maajenah su blekah,1784001600,0,False,False,Ugxn_3vEsSgbwZb5Ulh4AaABAg,
UgzA_a4vNtrWY401FYN4AaABAg,@YonoLahat-f8y,UCkH6ABIPXg7MJE_cdd_qLMw,Capeeeeeeek,1783900800,1,False,False,root,
